score,story
1,Verhaal 1.1: voorbeeldtekst over zonne- en windenergie.
1,Verhaal 1.2: voorbeeldtekst over zonne- en windenergie.
1,Verhaal 1.3: voorbeeldtekst over zonne- en windenergie.
1,Verhaal 1.4: voorbeeldtekst over zonne- en windenergie.
1,Verhaal 1.5: voorbeeldtekst over zonne- en windenergie.
1,Verhaal 1.6: voorbeeldtekst over zonne- en windenergie.
1,Verhaal 1.7: voorbeeldtekst over zonne- en windenergie.
1,Verhaal 1.8: voorbeeldtekst over zonne- en windenergie.
1,Verhaal 1.9: voorbeeldtekst over zonne- en windenergie.
1,Verhaal 1.10: voorbeeldtekst over zonne- en windenergie.
1,Verhaal 1.11: voorbeeldtekst over zonne- en windenergie.
1,Verhaal 1.12: voorbeeldtekst over zonne- en windenergie.
1,Verhaal 1.13: voorbeeldtekst over zonne- en windenergie.
1,Verhaal 1.14: voorbeeldtekst over zonne- en windenergie.
1,Verhaal 1.15: voorbeeldtekst over zonne- en windenergie.
1,Verhaal 1.16: voorbeeldtekst over zonne- en windenergie.
1,Verhaal 1.17: voorbeeldtekst over zonne- en windenergie.
1,Verhaal 1.18: voorbeeldtekst over zonne- en windenergie.
1,Verhaal 1.19: voorbeeldtekst over zonne- en windenergie.
1,Verhaal 1.20: voorbeeldtekst over zonne- en windenergie.
1,Verhaal 1.21: voorbeeldtekst over zonne- en windenergie.
1,Verhaal 1.22: voorbeeldtekst over zonne- en windenergie.
1,Verhaal 1.23: voorbeeldtekst over zonne- en windenergie.
1,Verhaal 1.24: voorbeeldtekst over zonne- en windenergie.
1,Verhaal 1.25: voorbeeldtekst over zonne- en windenergie.
1,Verhaal 1.26: voorbeeldtekst over zonne- en windenergie.
1,Verhaal 1.27: voorbeeldtekst over zonne- en windenergie.
2,Verhaal 2.1: voorbeeldtekst over zonne- en windenergie.
2,Verhaal 2.2: voorbeeldtekst over zonne- en windenergie.
2,Verhaal 2.3: voorbeeldtekst over zonne- en windenergie.
2,Verhaal 2.4: voorbeeldtekst over zonne- en windenergie.
2,Verhaal 2.5: voorbeeldtekst over zonne- en windenergie.
2,Verhaal 2.6: voorbeeldtekst over zonne- en windenergie.
2,Verhaal 2.7: voorbeeldtekst over zonne- en windenergie.
2,Verhaal 2.8: voorbeeldtekst over zonne- en windenergie.
2,Verhaal 2.9: voorbeeldtekst over zonne- en windenergie.
2,Verhaal 2.10: voorbeeldtekst over zonne- en windenergie.
2,Verhaal 2.11: voorbeeldtekst over zonne- en windenergie.
2,Verhaal 2.12: voorbeeldtekst over zonne- en windenergie.
2,Verhaal 2.13: voorbeeldtekst over zonne- en windenergie.
2,Verhaal 2.14: voorbeeldtekst over zonne- en windenergie.
2,Verhaal 2.15: voorbeeldtekst over zonne- en windenergie.
3,Verhaal 3.1: voorbeeldtekst over zonne- en windenergie.
3,Verhaal 3.2: voorbeeldtekst over zonne- en windenergie.
3,Verhaal 3.3: voorbeeldtekst over zonne- en windenergie.
3,Verhaal 3.4: voorbeeldtekst over zonne- en windenergie.
3,Verhaal 3.5: voorbeeldtekst over zonne- en windenergie.
3,Verhaal 3.6: voorbeeldtekst over zonne- en windenergie.
3,Verhaal 3.7: voorbeeldtekst over zonne- en windenergie.
3,Verhaal 3.8: voorbeeldtekst over zonne- en windenergie.
3,Verhaal 3.9: voorbeeldtekst over zonne- en windenergie.
3,Verhaal 3.10: voorbeeldtekst over zonne- en windenergie.
3,Verhaal 3.11: voorbeeldtekst over zonne- en windenergie.
3,Verhaal 3.12: voorbeeldtekst over zonne- en windenergie.
3,Verhaal 3.13: voorbeeldtekst over zonne- en windenergie.
3,Verhaal 3.14: voorbeeldtekst over zonne- en windenergie.
3,Verhaal 3.15: voorbeeldtekst over zonne- en windenergie.
3,Verhaal 3.16: voorbeeldtekst over zonne- en windenergie.
4,Verhaal 4.1: voorbeeldtekst over zonne- en windenergie.
4,Verhaal 4.2: voorbeeldtekst over zonne- en windenergie.
4,Verhaal 4.3: voorbeeldtekst over zonne- en windenergie.
4,Verhaal 4.4: voorbeeldtekst over zonne- en windenergie.
4,Verhaal 4.5: voorbeeldtekst over zonne- en windenergie.
4,Verhaal 4.6: voorbeeldtekst over zonne- en windenergie.
4,Verhaal 4.7: voorbeeldtekst over zonne- en windenergie.
4,Verhaal 4.8: voorbeeldtekst over zonne- en windenergie.
4,Verhaal 4.9: voorbeeldtekst over zonne- en windenergie.
4,Verhaal 4.10: voorbeeldtekst over zonne- en windenergie.
4,Verhaal 4.11: voorbeeldtekst over zonne- en windenergie.
5,Verhaal 5.1: voorbeeldtekst over zonne- en windenergie.
5,Verhaal 5.2: voorbeeldtekst over zonne- en windenergie.
5,Verhaal 5.3: voorbeeldtekst over zonne- en windenergie.
5,Verhaal 5.4: voorbeeldtekst over zonne- en windenergie.
5,Verhaal 5.5: voorbeeldtekst over zonne- en windenergie.
5,Verhaal 5.6: voorbeeldtekst over zonne- en windenergie.
5,Verhaal 5.7: voorbeeldtekst over zonne- en windenergie.
5,Verhaal 5.8: voorbeeldtekst over zonne- en windenergie.
5,Verhaal 5.9: voorbeeldtekst over zonne- en windenergie.
5,Verhaal 5.10: voorbeeldtekst over zonne- en windenergie.
5,Verhaal 5.11: voorbeeldtekst over zonne- en windenergie.
5,Verhaal 5.12: voorbeeldtekst over zonne- en windenergie.
